ID,Category
0,0
1,0
2,4
3,0
4,0
5,4
6,6
7,0
8,4
9,0
10,0
11,6
12,0
13,4
14,4
15,4
16,0
17,2
18,4
19,0
20,0
21,0
22,0
23,0
24,0
25,1
26,2
27,6
28,0
29,4
30,0
31,6
32,0
33,4
34,0
35,0
36,0
37,0
38,2
39,0
40,0
41,0
42,0
43,5
44,2
45,0
46,6
47,4
48,6
49,0
50,4
51,0
52,0
53,3
54,0
55,0
56,0
57,0
58,0
59,0
60,4
61,0
62,0
63,0
64,0
65,0
66,0
67,4
68,0
69,0
70,0
71,0
72,6
73,6
74,0
75,0
76,0
77,3
78,4
79,0
80,0
81,0
82,6
83,6
84,0
85,0
86,0
87,2
88,0
89,6
90,0
91,6
92,6
93,0
94,0
95,0
96,0
97,0
98,0
99,6
100,0
101,2
102,4
103,0
104,4
105,0
106,0
107,0
108,0
109,2
110,3
111,0
112,0
113,0
114,6
115,0
116,4
117,2
118,0
119,3
120,6
121,0
122,0
123,4
124,0
125,0
126,0
127,0
128,0
129,6
130,0
131,0
132,0
133,0
134,5
135,0
136,0
137,4
138,0
139,0
140,0
141,6
142,6
143,0
144,5
145,0
146,0
147,6
148,2
149,0
150,4
151,0
152,0
153,6
154,0
155,0
156,0
157,0
158,0
159,2
160,0
161,2
162,0
163,3
164,0
165,0
166,0
167,0
168,0
169,0
170,0
171,0
172,2
173,0
174,0
175,4
176,0
177,0
178,0
179,0
180,0
181,0
182,4
183,0
184,6
185,0
186,0
187,6
188,4
189,6
190,4
191,3
192,0
193,0
194,5
195,3
196,0
197,2
198,6
199,0
200,0
201,2
202,6
203,0
204,0
205,6
206,0
207,0
208,0
209,6
210,5
211,0
212,2
213,6
214,4
215,4
216,0
217,0
218,0
219,0
220,0
221,6
222,0
223,2
224,0
225,4
226,2
227,4
228,2
229,3
230,0
231,0
232,4
233,4
234,6
235,0
236,0
237,0
238,3
239,6
240,4
241,5
242,0
243,0
244,2
245,6
246,6
247,2
248,0
249,0
250,6
251,0
252,0
253,3
254,0
255,0
256,0
257,6
258,0
259,4
260,0
261,0
262,0
263,6
264,1
265,0
266,0
267,0
268,0
269,0
270,0
271,4
272,0
273,4
274,3
275,0
276,0
277,0
278,0
279,0
280,4
281,6
282,0
283,4
284,0
285,3
286,0
287,4
288,2
289,4
290,0
291,0
292,0
293,6
294,0
295,6
296,0
297,6
298,0
299,0
300,4
301,0
302,4
303,0
304,0
305,0
306,6
307,2
308,0
309,0
310,0
311,0
312,3
313,4
314,2
315,0
316,0
317,5
318,0
319,0
320,0
321,2
322,6
323,0
324,6
325,0
326,4
327,0
328,0
329,0
330,5
331,0
332,0
333,0
334,6
335,0
336,0
337,4
338,4
339,4
340,0
341,0
342,0
343,0
344,0
345,0
346,0
347,6
348,0
349,0
350,0
351,6
352,4
353,4
354,0
355,6
356,0
357,0
358,0
359,0
360,2
361,6
362,0
363,0
364,3
365,0
366,0
367,4
368,6
369,0
370,0
371,2
372,0
373,2
374,2
375,2
376,0
377,6
378,6
379,0
380,0
381,0
382,6
383,6
384,0
385,0
386,0
387,0
388,6
389,2
390,0
391,0
392,0
393,4
394,6
395,6
396,0
397,6
398,0
399,0
400,0
401,0
402,0
403,0
404,4
405,0
406,6
407,6
408,0
409,0
410,4
411,0
412,6
413,0
414,0
415,0
416,0
417,6
418,4
419,0
420,0
421,4
422,6
423,0
424,0
425,0
426,0
427,5
428,6
429,0
430,0
431,0
432,4
433,5
434,0
435,0
436,2
437,0
438,0
439,4
440,0
441,6
442,4
443,0
444,4
445,2
446,2
447,2
448,4
449,0
450,0
451,0
452,0
453,0
454,0
455,3
456,6
457,0
458,2
459,4
460,0
461,0
462,0
463,0
464,0
465,6
466,0
467,0
468,6
469,0
470,6
471,0
472,0
473,0
474,0
475,0
476,0
477,0
478,0
479,0
480,0
481,0
482,2
483,3
484,0
485,0
486,0
487,0
488,0
489,2
490,0
491,6
492,6
493,0
494,6
495,0
496,3
497,0
498,0
499,2
500,4
501,6
502,4
503,4
504,0
505,0
506,4
507,6
508,0
509,0
510,2
511,0
512,0
513,0
514,4
515,0
516,4
517,0
518,5
519,6
520,6
521,0
522,0
523,0
524,0
525,0
526,6
527,0
528,0
529,0
530,4
531,4
532,0
533,6
534,0
535,0
536,6
537,0
538,3
539,0
540,0
541,4
542,0
543,6
544,6
545,0
546,0
547,6
548,6
549,3
550,4
551,0
552,0
553,0
554,6
555,0
556,0
557,0
558,0
559,0
560,0
561,3
562,0
563,5
564,0
565,0
566,4
567,0
568,0
569,0
570,0
571,0
572,6
573,0
574,2
575,4
576,0
577,4
578,0
579,0
580,0
581,5
582,3
583,0
584,6
585,0
586,6
587,0
588,5
589,6
590,4
591,3
592,4
593,6
594,0
595,0
596,0
597,0
598,0
599,6
600,0
601,0
602,0
603,4
604,2
605,0
606,0
607,0
608,0
609,0
610,0
611,0
612,0
613,6
614,4
615,2
616,2
617,0
618,4
619,6
620,0
621,6
622,0
623,0
624,0
625,0
626,0
627,0
628,0
629,0
630,0
631,6
632,6
633,0
634,0
635,0
636,0
637,0
638,0
639,4
640,0
641,6
642,3
643,0
644,6
645,6
646,0
647,0
648,4
649,0
650,5
651,4
652,0
653,0
654,0
655,0
656,0
657,0
658,0
659,0
660,6
661,6
662,0
663,3
664,0
665,6
666,0
667,6
668,0
669,0
670,0
671,0
672,3
673,4
674,0
675,2
676,0
677,0
678,0
679,0
680,2
681,5
682,0
683,6
684,0
685,0
686,0
687,6
688,0
689,4
690,6
691,0
692,0
693,0
694,0
695,0
696,4
697,0
698,0
699,0
700,0
701,2
702,0
703,2
704,4
705,0
706,5
707,0
708,0
709,6
710,0
711,0
712,2
713,1
714,0
715,6
716,0
717,0
718,0
719,6
720,0
721,4
722,4
723,5
724,0
725,0
726,2
727,4
728,0
729,3
730,2
731,6
732,0
733,0
734,5
735,0
736,2
737,6
738,0
739,0
740,0
741,0
742,0
743,0
744,0
745,0
746,0
747,3
748,0
749,6
750,6
751,0
752,0
753,0
754,0
755,4
756,2
757,4
758,0
759,0
760,0
761,2
762,6
763,0
764,4
765,2
766,0
767,2
768,3
769,0
770,0
771,0
772,0
773,0
774,4
775,2
776,4
777,6
778,0
779,0
780,0
781,0
782,0
783,0
784,0
785,0
786,6
787,0
788,5
789,0
790,0
791,3
792,3
793,6
794,0
795,0
796,0
797,0
798,3
799,6
800,5
801,6
802,6
803,6
804,2
805,0
806,0
807,4
808,0
809,0
810,4
811,0
812,4
813,0
814,0
815,6
816,0
817,0
818,0
819,1
820,0
821,0
822,6
823,4
824,0
825,0
826,0
827,2
828,2
829,6
830,0
831,0
832,2
833,0
834,0
835,6
836,0
837,0
838,4
839,0
840,2
841,0
842,4
843,4
844,0
845,3
846,4
847,2
848,0
849,0
850,0
851,6
852,6
853,0
854,0
855,0
856,0
857,6
858,4
859,0
860,0
861,3
862,0
863,4
864,0
865,5
866,0
867,0
868,0
869,4
870,6
871,0
872,0
873,4
874,2
875,0
876,0
877,0
878,0
879,0
880,0
881,0
882,3
883,4
884,0
885,6
886,0
887,0
888,6
889,0
890,0
891,0
892,0
893,6
894,0
895,0
896,3
897,6
898,2
899,0
900,0
901,0
902,2
903,2
904,4
905,2
906,6
907,2
908,0
909,4
910,0
911,0
912,5
913,0
914,0
915,0
916,0
917,0
918,4
919,0
920,6
921,4
922,6
923,0
924,0
925,0
926,3
927,0
928,0
929,2
930,0
931,4
932,0
933,2
934,6
935,6
936,6
937,0
938,0
939,0
940,6
941,0
942,0
943,4
944,6
945,4
946,5
947,6
948,2
949,0
950,6
951,0
952,0
953,0
954,0
955,6
956,0
957,6
958,5
959,3
960,0
961,1
962,0
963,1
964,0
965,0
966,4
967,4
968,1
969,4
970,3
971,0
972,0
973,4
974,1
975,4
976,1
977,0
978,1
979,4
980,0
981,1
982,0
983,1
984,1
985,0
986,0
987,1
988,1
989,0
990,1
991,1
992,1
993,1
994,0
995,1
996,0
997,1
998,3
999,5
1000,0
1001,5
1002,1
1003,1
1004,0
1005,0
1006,0
1007,2
1008,0
1009,6
1010,0
1011,1
1012,1
1013,0
1014,0
1015,3
1016,1
1017,6
1018,1
1019,1
1020,1
1021,4
1022,1
1023,4
1024,0
1025,4
1026,5
1027,1
1028,4
1029,2
1030,1
1031,1
1032,4
1033,1
1034,0
1035,0
1036,0
1037,0
1038,0
1039,0
1040,1
1041,0
1042,6
1043,6
1044,0
1045,0
1046,1
1047,1
1048,4
1049,0
1050,1
1051,0
1052,1
1053,4
1054,6
1055,0
1056,1
1057,0
1058,1
1059,1
1060,0
1061,1
1062,6
1063,0
1064,0
1065,0
1066,0
1067,1
1068,2
1069,3
1070,4
1071,2
1072,0
1073,0
1074,2
1075,2
1076,5
1077,0
1078,2
1079,4
1080,2
1081,4
1082,0
1083,6
1084,5
1085,2
1086,2
1087,2
1088,0
1089,0
1090,2
1091,0
1092,2
1093,3
1094,5
1095,4
1096,6
1097,5
1098,4
1099,6
1100,6
1101,0
1102,2
1103,4
1104,0
1105,2
1106,6
1107,6
1108,0
1109,2
1110,0
1111,2
1112,4
1113,4
1114,6
1115,2
1116,6
1117,0
1118,0
1119,0
1120,2
1121,2
1122,0
1123,4
1124,6
1125,0
1126,4
1127,3
1128,2
1129,2
1130,2
1131,5
1132,2
1133,0
1134,4
1135,4
1136,2
1137,5
1138,2
1139,5
1140,2
1141,6
1142,5
1143,2
1144,0
1145,1
1146,0
1147,2
1148,0
1149,5
1150,5
1151,6
1152,0
1153,6
1154,6
1155,5
1156,0
1157,6
1158,4
1159,2
1160,6
1161,0
1162,2
1163,5
1164,2
1165,6
1166,4
1167,0
1168,0
1169,5
1170,2
1171,4
1172,4
1173,6
1174,5
1175,2
1176,6
1177,6
1178,0
1179,6
1180,2
1181,6
1182,6
1183,2
1184,2
1185,4
1186,0
1187,5
1188,4
1189,6
1190,5
1191,2
1192,6
1193,6
1194,2
1195,2
1196,2
1197,2
1198,2
1199,5
1200,2
1201,2
1202,5
1203,2
1204,2
1205,2
1206,2
1207,6
1208,2
1209,2
1210,2
1211,2
1212,6
1213,0
1214,2
1215,2
1216,2
1217,2
1218,4
1219,3
1220,4
1221,0
1222,2
1223,2
1224,0
1225,2
1226,2
1227,4
1228,0
1229,4
1230,5
1231,2
1232,3
1233,2
1234,3
1235,3
1236,2
1237,4
1238,2
1239,5
1240,0
1241,6
1242,5
1243,2
1244,4
1245,4
1246,4
1247,4
1248,2
1249,2
1250,6
1251,0
1252,5
1253,2
1254,4
1255,4
1256,2
1257,2
1258,4
1259,2
1260,6
1261,5
1262,0
1263,2
1264,5
1265,2
1266,6
1267,2
1268,2
1269,5
1270,6
1271,0
1272,2
1273,4
1274,4
1275,4
1276,2
1277,0
1278,2
1279,6
1280,0
1281,5
1282,0
1283,4
1284,2
1285,4
1286,0
1287,5
1288,2
1289,5
1290,4
1291,3
1292,6
1293,0
1294,2
1295,0
1296,4
1297,4
1298,0
1299,2
1300,0
1301,4
1302,5
1303,0
1304,0
1305,0
1306,2
1307,6
1308,5
1309,3
1310,4
1311,5
1312,4
1313,4
1314,3
1315,5
1316,0
1317,6
1318,4
1319,0
1320,0
1321,2
1322,6
1323,0
1324,4
1325,2
1326,4
1327,5
1328,5
1329,6
1330,0
1331,0
1332,6
1333,4
1334,0
1335,5
1336,6
1337,2
1338,4
1339,0
1340,0
1341,2
1342,5
1343,4
1344,4
1345,4
1346,2
1347,5
1348,4
1349,2
1350,3
1351,5
1352,0
1353,2
1354,0
1355,2
1356,4
1357,5
1358,5
1359,2
1360,5
1361,2
1362,6
1363,2
1364,2
1365,0
1366,2
1367,6
1368,4
1369,4
1370,0
1371,4
1372,2
1373,4
1374,4
1375,4
1376,4
1377,6
1378,6
1379,2
1380,5
1381,0
1382,0
1383,4
1384,2
1385,6
1386,0
1387,2
1388,6
1389,0
1390,0
1391,4
1392,4
1393,4
1394,2
1395,2
1396,2
1397,3
1398,5
1399,2
1400,1
1401,5
1402,2
1403,5
1404,2
1405,5
1406,2
1407,1
1408,2
1409,6
1410,2
1411,3
1412,2
1413,2
1414,2
1415,4
1416,2
1417,3
1418,5
1419,6
1420,6
1421,2
1422,0
1423,0
1424,2
1425,2
1426,5
1427,0
1428,4
1429,6
1430,4
1431,6
1432,2
1433,4
1434,4
1435,4
1436,4
1437,2
1438,4
1439,2
1440,6
1441,2
1442,5
1443,0
1444,2
1445,5
1446,4
1447,4
1448,0
1449,5
1450,2
1451,4
1452,6
1453,0
1454,2
1455,2
1456,4
1457,2
1458,2
1459,2
1460,2
1461,4
1462,2
1463,0
1464,2
1465,4
1466,4
1467,6
1468,2
1469,2
1470,0
1471,4
1472,0
1473,2
1474,2
1475,2
1476,4
1477,2
1478,5
1479,2
1480,2
1481,5
1482,2
1483,4
1484,2
1485,0
1486,0
1487,0
1488,0
1489,4
1490,0
1491,6
1492,6
1493,2
1494,6
1495,3
1496,4
1497,4
1498,2
1499,3
1500,3
1501,0
1502,5
1503,6
1504,2
1505,6
1506,2
1507,2
1508,0
1509,3
1510,2
1511,2
1512,5
1513,3
1514,6
1515,0
1516,2
1517,2
1518,5
1519,5
1520,0
1521,6
1522,0
1523,0
1524,0
1525,2
1526,2
1527,2
1528,5
1529,4
1530,2
1531,6
1532,4
1533,0
1534,2
1535,2
1536,2
1537,2
1538,0
1539,2
1540,4
1541,2
1542,4
1543,2
1544,5
1545,6
1546,4
1547,0
1548,0
1549,2
1550,0
1551,2
1552,4
1553,6
1554,0
1555,0
1556,5
1557,2
1558,0
1559,5
1560,4
1561,4
1562,6
1563,2
1564,4
1565,2
1566,0
1567,4
1568,2
1569,5
1570,4
1571,2
1572,4
1573,0
1574,0
1575,0
1576,4
1577,6
1578,2
1579,5
1580,2
1581,4
1582,5
1583,2
1584,2
1585,6
1586,0
1587,0
1588,2
1589,4
1590,2
1591,4
1592,5
1593,2
1594,4
1595,5
1596,4
1597,2
1598,6
1599,4
1600,0
1601,0
1602,2
1603,2
1604,6
1605,0
1606,4
1607,2
1608,4
1609,5
1610,2
1611,4
1612,4
1613,6
1614,2
1615,2
1616,2
1617,0
1618,5
1619,5
1620,0
1621,6
1622,4
1623,0
1624,4
1625,6
1626,2
1627,2
1628,2
1629,2
1630,2
1631,4
1632,4
1633,2
1634,4
1635,2
1636,4
1637,4
1638,4
1639,1
1640,2
1641,4
1642,5
1643,6
1644,3
1645,6
1646,6
1647,2
1648,5
1649,2
1650,6
1651,4
1652,2
1653,4
1654,2
1655,2
1656,0
1657,2
1658,6
1659,5
1660,0
1661,5
1662,2
1663,5
1664,2
1665,2
1666,2
1667,0
1668,2
1669,2
1670,2
1671,2
1672,0
1673,4
1674,0
1675,6
1676,2
1677,2
1678,4
1679,2
1680,0
1681,4
1682,1
1683,2
1684,0
1685,2
1686,4
1687,4
1688,6
1689,4
1690,4
1691,0
1692,0
1693,4
1694,0
1695,4
1696,0
1697,5
1698,0
1699,2
1700,2
1701,2
1702,2
1703,0
1704,2
1705,2
1706,2
1707,5
1708,6
1709,2
1710,2
1711,6
1712,6
1713,0
1714,4
1715,4
1716,2
1717,6
1718,2
1719,6
1720,2
1721,2
1722,2
1723,6
1724,5
1725,0
1726,2
1727,4
1728,2
1729,2
1730,2
1731,0
1732,0
1733,0
1734,4
1735,6
1736,4
1737,0
1738,4
1739,2
1740,2
1741,0
1742,3
1743,0
1744,5
1745,2
1746,6
1747,4
1748,4
1749,0
1750,5
1751,2
1752,5
1753,0
1754,6
1755,5
1756,2
1757,5
1758,2
1759,0
1760,4
1761,3
1762,2
1763,4
1764,0
1765,0
1766,0
1767,4
1768,6
1769,2
1770,4
1771,2
1772,4
1773,2
1774,6
1775,2
1776,3
1777,2
1778,6
1779,2
1780,5
1781,6
1782,4
1783,4
1784,4
1785,4
1786,4
1787,0
1788,5
1789,2
1790,2
1791,0
1792,4
1793,2
1794,2
1795,2
1796,0
1797,5
1798,4
1799,2
1800,6
1801,6
1802,2
1803,2
1804,4
1805,6
1806,0
1807,4
1808,4
1809,4
1810,4
1811,2
1812,6
1813,5
1814,4
1815,6
1816,2
1817,4
1818,5
1819,4
1820,2
1821,5
1822,0
1823,4
1824,0
1825,4
1826,5
1827,2
1828,2
1829,6
1830,2
1831,6
1832,0
1833,6
1834,2
1835,3
1836,2
1837,2
1838,0
1839,5
1840,2
1841,0
1842,6
1843,6
1844,2
1845,0
1846,5
1847,5
1848,6
1849,0
1850,2
1851,6
1852,3
1853,2
1854,4
1855,2
1856,3
1857,6
1858,2
1859,2
1860,6
1861,4
1862,2
1863,6
1864,3
1865,4
1866,6
1867,2
1868,0
1869,0
1870,6
1871,2
1872,4
1873,2
1874,4
1875,1
1876,2
1877,2
1878,5
1879,3
1880,4
1881,6
1882,6
1883,4
1884,5
1885,2
1886,6
1887,0
1888,4
1889,2
1890,2
1891,2
1892,1
1893,0
1894,6
1895,0
1896,4
1897,4
1898,6
1899,2
1900,6
1901,2
1902,2
1903,2
1904,2
1905,6
1906,6
1907,2
1908,0
1909,2
1910,2
1911,2
1912,4
1913,5
1914,2
1915,3
1916,2
1917,4
1918,0
1919,4
1920,6
1921,0
1922,2
1923,6
1924,5
1925,6
1926,2
1927,2
1928,6
1929,2
1930,6
1931,2
1932,6
1933,4
1934,4
1935,2
1936,2
1937,4
1938,5
1939,5
1940,6
1941,0
1942,0
1943,5
1944,2
1945,6
1946,2
1947,0
1948,0
1949,2
1950,2
1951,2
1952,5
1953,3
1954,2
1955,4
1956,6
1957,5
1958,4
1959,4
1960,5
1961,0
1962,6
1963,4
1964,4
1965,2
1966,2
1967,2
1968,5
1969,5
1970,6
1971,4
1972,6
1973,6
1974,2
1975,6
1976,6
1977,2
1978,2
1979,5
1980,2
1981,4
1982,3
1983,2
1984,0
1985,2
1986,5
1987,2
1988,4
1989,6
1990,2
1991,3
1992,2
1993,2
1994,4
1995,2
1996,2
1997,4
1998,4
1999,2
2000,5
2001,2
2002,4
2003,2
2004,4
2005,2
2006,4
2007,2
2008,6
2009,4
2010,2
2011,3
2012,2
2013,0
2014,5
2015,4
2016,2
2017,2
2018,2
2019,4
2020,3
2021,6
2022,2
2023,4
2024,4
2025,5
2026,5
2027,3
2028,2
2029,4
2030,4
2031,1
2032,4
2033,4
2034,0
2035,5
2036,5
2037,2
2038,0
2039,2
2040,2
2041,1
2042,6
2043,2
2044,6
2045,2
2046,5
2047,4
2048,6
2049,2
2050,2
2051,2
2052,2
2053,2
2054,6
2055,2
2056,2
2057,3
2058,6
2059,4
2060,5
2061,2
2062,5
2063,5
2064,2
2065,3
2066,2
2067,4
2068,5
2069,5
2070,2
2071,4
2072,2
2073,0
2074,4
2075,4
2076,6
2077,6
2078,3
2079,0
2080,2
2081,0
2082,4
2083,4
2084,0
2085,5
2086,6
2087,4
2088,4
2089,2
2090,5
2091,6
2092,2
2093,3
2094,3
2095,5
2096,3
2097,3
2098,3
2099,3
2100,3
2101,3
2102,6
2103,3
2104,4
2105,3
2106,3
2107,3
2108,3
2109,3
2110,0
2111,3
2112,6
2113,3
2114,3
2115,3
2116,0
2117,3
2118,3
2119,3
2120,3
2121,3
2122,3
2123,3
2124,3
2125,3
2126,3
2127,3
2128,3
2129,3
2130,3
2131,3
2132,3
2133,3
2134,3
2135,3
2136,3
2137,3
2138,6
2139,3
2140,2
2141,3
2142,3
2143,3
2144,3
2145,3
2146,3
2147,3
2148,3
2149,3
2150,3
2151,3
2152,3
2153,3
2154,5
2155,3
2156,3
2157,3
2158,3
2159,3
2160,6
2161,3
2162,3
2163,3
2164,0
2165,3
2166,4
2167,5
2168,3
2169,3
2170,3
2171,2
2172,3
2173,3
2174,3
2175,0
2176,3
2177,3
2178,3
2179,3
2180,3
2181,3
2182,3
2183,3
2184,3
2185,3
2186,3
2187,3
2188,3
2189,3
2190,3
2191,6
2192,3
2193,3
2194,0
2195,3
2196,3
2197,3
2198,3
2199,3
2200,3
2201,6
2202,3
2203,6
2204,3
2205,3
2206,0
2207,3
2208,3
2209,3
2210,3
2211,3
2212,3
2213,3
2214,4
2215,0
2216,3
2217,3
2218,3
2219,3
2220,3
2221,3
2222,3
2223,3
2224,3
2225,3
2226,3
2227,3
2228,3
2229,3
2230,0
2231,6
2232,3
2233,3
2234,3
2235,0
2236,3
2237,3
2238,3
2239,3
2240,3
2241,6
2242,3
2243,3
2244,3
2245,0
2246,3
2247,3
2248,3
2249,3
2250,4
2251,3
2252,3
2253,3
2254,0
2255,3
2256,3
2257,3
2258,3
2259,3
2260,3
2261,3
2262,3
2263,3
2264,3
2265,3
2266,3
2267,3
2268,3
2269,3
2270,6
2271,3
2272,0
2273,3
2274,3
2275,3
2276,3
2277,0
2278,3
2279,3
2280,3
2281,3
2282,3
2283,3
2284,3
2285,3
2286,3
2287,3
2288,3
2289,3
2290,3
2291,3
2292,3
2293,3
2294,3
2295,3
2296,3
2297,4
2298,4
2299,3
2300,3
2301,6
2302,3
2303,3
2304,6
2305,3
2306,3
2307,3
2308,3
2309,3
2310,3
2311,3
2312,3
2313,3
2314,3
2315,3
2316,3
2317,0
2318,3
2319,3
2320,3
2321,3
2322,3
2323,6
2324,3
2325,3
2326,2
2327,3
2328,3
2329,3
2330,4
2331,3
2332,3
2333,3
2334,3
2335,3
2336,3
2337,3
2338,3
2339,3
2340,2
2341,3
2342,3
2343,4
2344,3
2345,3
2346,3
2347,3
2348,3
2349,3
2350,3
2351,1
2352,3
2353,0
2354,3
2355,3
2356,3
2357,3
2358,3
2359,3
2360,6
2361,3
2362,3
2363,3
2364,3
2365,3
2366,3
2367,3
2368,4
2369,3
2370,3
2371,3
2372,3
2373,3
2374,6
2375,3
2376,3
2377,3
2378,3
2379,3
2380,6
2381,3
2382,3
2383,3
2384,3
2385,3
2386,3
2387,3
2388,3
2389,3
2390,3
2391,3
2392,3
2393,3
2394,3
2395,3
2396,3
2397,3
2398,3
2399,3
2400,3
2401,5
2402,6
2403,3
2404,3
2405,3
2406,3
2407,3
2408,3
2409,3
2410,3
2411,4
2412,3
2413,3
2414,3
2415,3
2416,3
2417,3
2418,3
2419,3
2420,3
2421,3
2422,3
2423,3
2424,3
2425,3
2426,3
2427,3
2428,3
2429,3
2430,3
2431,3
2432,3
2433,3
2434,3
2435,6
2436,3
2437,3
2438,6
2439,3
2440,3
2441,3
2442,3
2443,3
2444,3
2445,3
2446,0
2447,3
2448,3
2449,3
2450,3
2451,3
2452,0
2453,3
2454,3
2455,3
2456,3
2457,3
2458,3
2459,3
2460,3
2461,3
2462,3
2463,3
2464,3
2465,3
2466,3
2467,3
2468,3
2469,3
2470,3
2471,3
2472,3
2473,3
2474,3
2475,3
2476,3
2477,3
2478,3
2479,3
2480,3
2481,4
2482,3
2483,3
2484,3
2485,0
2486,6
2487,3
2488,3
2489,3
2490,3
2491,3
2492,3
2493,3
2494,3
2495,3
2496,3
2497,3
2498,3
2499,3
2500,0
2501,3
2502,3
2503,6
2504,3
2505,3
2506,3
2507,3
2508,3
2509,3
2510,3
2511,3
2512,3
2513,3
2514,3
2515,3
2516,3
2517,3
2518,3
2519,6
2520,3
2521,3
2522,5
2523,3
2524,3
2525,0
2526,3
2527,3
2528,3
2529,3
2530,3
2531,3
2532,4
2533,3
2534,3
2535,3
2536,3
2537,3
2538,3
2539,3
2540,3
2541,3
2542,6
2543,3
2544,3
2545,3
2546,3
2547,4
2548,6
2549,3
2550,3
2551,3
2552,3
2553,3
2554,3
2555,3
2556,0
2557,3
2558,4
2559,3
2560,3
2561,6
2562,3
2563,3
2564,3
2565,3
2566,3
2567,6
2568,3
2569,2
2570,6
2571,6
2572,5
2573,3
2574,3
2575,3
2576,3
2577,3
2578,3
2579,3
2580,3
2581,3
2582,3
2583,3
2584,3
2585,3
2586,3
2587,3
2588,3
2589,3
2590,3
2591,5
2592,3
2593,3
2594,2
2595,3
2596,0
2597,3
2598,3
2599,6
2600,3
2601,3
2602,3
2603,6
2604,3
2605,0
2606,3
2607,3
2608,3
2609,3
2610,3
2611,3
2612,3
2613,3
2614,3
2615,3
2616,3
2617,3
2618,3
2619,3
2620,3
2621,5
2622,5
2623,3
2624,3
2625,3
2626,3
2627,3
2628,3
2629,3
2630,3
2631,3
2632,6
2633,3
2634,0
2635,3
2636,3
2637,3
2638,3
2639,3
2640,3
2641,3
2642,3
2643,3
2644,3
2645,3
2646,3
2647,3
2648,3
2649,6
2650,6
2651,3
2652,4
2653,3
2654,3
2655,3
2656,3
2657,3
2658,3
2659,6
2660,3
2661,3
2662,3
2663,4
2664,4
2665,3
2666,3
2667,3
2668,3
2669,3
2670,3
2671,5
2672,6
2673,6
2674,3
2675,3
2676,3
2677,3
2678,3
2679,3
2680,3
2681,3
2682,3
2683,3
2684,3
2685,3
2686,3
2687,3
2688,0
2689,3
2690,3
2691,3
2692,0
2693,3
2694,6
2695,3
2696,4
2697,3
2698,3
2699,3
2700,3
2701,3
2702,2
2703,3
2704,3
2705,4
2706,3
2707,6
2708,3
2709,3
2710,3
2711,3
2712,5
2713,3
2714,3
2715,3
2716,3
2717,2
2718,3
2719,3
2720,3
2721,3
2722,3
2723,3
2724,3
2725,3
2726,3
2727,3
2728,3
2729,3
2730,4
2731,3
2732,3
2733,3
2734,3
2735,3
2736,3
2737,3
2738,3
2739,3
2740,3
2741,3
2742,3
2743,3
2744,3
2745,3
2746,6
2747,3
2748,4
2749,3
2750,6
2751,3
2752,3
2753,3
2754,3
2755,3
2756,3
2757,3
2758,4
2759,3
2760,3
2761,3
2762,3
2763,0
2764,3
2765,3
2766,6
2767,3
2768,3
2769,3
2770,3
2771,3
2772,3
2773,3
2774,6
2775,3
2776,3
2777,2
2778,3
2779,3
2780,3
2781,3
2782,3
2783,3
2784,3
2785,3
2786,3
2787,3
2788,3
2789,3
2790,3
2791,3
2792,0
2793,3
2794,3
2795,2
2796,3
2797,2
2798,3
2799,4
2800,3
2801,3
2802,3
2803,3
2804,3
2805,3
2806,3
2807,3
2808,3
2809,3
2810,3
2811,3
2812,5
2813,3
2814,3
2815,3
2816,3
2817,3
2818,2
2819,3
2820,3
2821,3
2822,6
2823,3
2824,3
2825,3
2826,4
2827,3
2828,3
2829,3
2830,3
2831,3
2832,3
2833,3
2834,3
2835,3
2836,3
2837,3
2838,3
2839,3
2840,3
2841,3
2842,3
2843,5
2844,3
2845,3
2846,3
2847,3
2848,3
2849,3
2850,3
2851,6
2852,3
2853,3
2854,3
2855,4
2856,3
2857,3
2858,3
2859,6
2860,3
2861,4
2862,3
2863,3
2864,0
2865,3
2866,3
2867,3
2868,3
2869,3
2870,3
2871,3
2872,3
2873,3
2874,0
2875,3
2876,3
2877,3
2878,3
2879,3
2880,5
2881,3
2882,3
2883,3
2884,3
2885,2
2886,3
2887,3
2888,3
2889,3
2890,3
2891,6
2892,5
2893,3
2894,3
2895,3
2896,3
2897,3
2898,4
2899,3
2900,3
2901,3
2902,3
2903,3
2904,3
2905,3
2906,3
2907,3
2908,3
2909,3
2910,3
2911,3
2912,6
2913,3
2914,3
2915,3
2916,3
2917,3
2918,3
2919,6
2920,3
2921,3
2922,3
2923,3
2924,3
2925,3
2926,6
2927,3
2928,6
2929,3
2930,3
2931,3
2932,6
2933,3
2934,3
2935,3
2936,3
2937,3
2938,0
2939,3
2940,3
2941,3
2942,3
2943,3
2944,3
2945,3
2946,3
2947,3
2948,3
2949,3
2950,3
2951,6
2952,3
2953,0
2954,3
2955,3
2956,3
2957,3
2958,3
2959,3
2960,3
2961,3
2962,3
2963,3
2964,3
2965,3
2966,3
2967,3
2968,3
2969,3
2970,3
2971,4
2972,3
2973,3
2974,3
2975,3
2976,5
2977,3
2978,3
2979,6
2980,3
2981,3
2982,3
2983,3
2984,3
2985,3
2986,0
2987,3
2988,3
2989,3
2990,3
2991,3
2992,3
2993,6
2994,3
2995,6
2996,3
2997,3
2998,3
2999,3
3000,3
3001,3
3002,3
3003,3
3004,3
3005,3
3006,3
3007,3
3008,3
3009,3
3010,0
3011,3
3012,3
3013,3
3014,3
3015,3
3016,3
3017,3
3018,3
3019,3
3020,3
3021,3
3022,0
3023,6
3024,3
3025,3
3026,3
3027,3
3028,3
3029,3
3030,3
3031,3
3032,3
3033,3
3034,4
3035,3
3036,3
3037,3
3038,6
3039,3
3040,3
3041,3
3042,3
3043,3
3044,3
3045,3
3046,3
3047,3
3048,3
3049,5
3050,0
3051,3
3052,3
3053,3
3054,3
3055,3
3056,2
3057,3
3058,3
3059,3
3060,3
3061,3
3062,3
3063,3
3064,3
3065,3
3066,3
3067,3
3068,6
3069,3
3070,3
3071,3
3072,3
3073,3
3074,6
3075,0
3076,3
3077,3
3078,3
3079,3
3080,3
3081,3
3082,3
3083,3
3084,3
3085,0
3086,3
3087,3
3088,3
3089,3
3090,3
3091,3
3092,3
3093,3
3094,3
3095,3
3096,3
3097,3
3098,3
3099,2
3100,3
3101,3
3102,3
3103,6
3104,3
3105,3
3106,3
3107,3
3108,3
3109,3
3110,3
3111,4
3112,3
3113,3
3114,3
3115,3
3116,0
3117,3
3118,3
3119,3
3120,3
3121,3
3122,3
3123,3
3124,2
3125,3
3126,3
3127,3
3128,3
3129,3
3130,3
3131,3
3132,3
3133,3
3134,3
3135,6
3136,3
3137,3
3138,3
3139,3
3140,3
3141,3
3142,3
3143,6
3144,3
3145,3
3146,3
3147,3
3148,3
3149,3
3150,3
3151,3
3152,5
3153,3
3154,3
3155,6
3156,3
3157,3
3158,6
3159,3
3160,3
3161,3
3162,3
3163,3
3164,3
3165,3
3166,4
3167,3
3168,6
3169,3
3170,4
3171,3
3172,3
3173,3
3174,3
3175,3
3176,3
3177,5
3178,3
3179,6
3180,3
3181,3
3182,3
3183,3
3184,3
3185,3
3186,3
3187,3
3188,3
3189,3
3190,3
3191,3
3192,3
3193,3
3194,3
3195,6
3196,3
3197,0
3198,3
3199,3
3200,3
3201,3
3202,3
3203,3
3204,3
3205,3
3206,3
3207,3
3208,3
3209,3
3210,3
3211,3
3212,3
3213,3
3214,6
3215,3
3216,3
3217,3
3218,3
3219,3
3220,3
3221,3
3222,3
3223,3
3224,3
3225,6
3226,3
3227,3
3228,3
3229,3
3230,0
3231,5
3232,3
3233,3
3234,3
3235,3
3236,3
3237,3
3238,3
3239,3
3240,0
3241,3
3242,3
3243,3
3244,3
3245,3
3246,3
3247,3
3248,3
3249,3
3250,3
3251,3
3252,3
3253,4
3254,3
3255,3
3256,3
3257,3
3258,6
3259,3
3260,3
3261,3
3262,0
3263,3
3264,3
3265,3
3266,3
3267,3
3268,3
3269,3
3270,3
3271,3
3272,3
3273,3
3274,3
3275,5
3276,0
3277,6
3278,2
3279,6
3280,4
3281,2
3282,3
3283,3
3284,4
3285,4
3286,3
3287,3
3288,3
3289,3
3290,3
3291,0
3292,6
3293,6
3294,3
3295,6
3296,3
3297,3
3298,3
3299,3
3300,3
3301,5
3302,3
3303,3
3304,3
3305,3
3306,3
3307,3
3308,3
3309,3
3310,3
3311,3
3312,3
3313,3
3314,3
3315,3
3316,5
3317,6
3318,6
3319,3
3320,3
3321,3
3322,3
3323,3
3324,0
3325,3
3326,3
3327,3
3328,3
3329,3
3330,3
3331,3
3332,3
3333,3
3334,3
3335,0
3336,3
3337,3
3338,3
3339,3
3340,3
3341,3
3342,3
3343,5
3344,3
3345,3
3346,3
3347,0
3348,3
3349,3
3350,3
3351,3
3352,3
3353,3
3354,3
3355,3
3356,3
3357,3
3358,3
3359,6
3360,3
3361,6
3362,6
3363,3
3364,3
3365,3
3366,3
3367,3
3368,3
3369,3
3370,3
3371,6
3372,2
3373,6
3374,3
3375,3
3376,3
3377,3
3378,3
3379,3
3380,3
3381,3
3382,3
3383,3
3384,3
3385,3
3386,3
3387,3
3388,3
3389,3
3390,3
3391,3
3392,3
3393,3
3394,3
3395,6
3396,3
3397,3
3398,3
3399,3
3400,3
3401,3
3402,3
3403,3
3404,3
3405,3
3406,5
3407,4
3408,3
3409,6
3410,3
3411,3
3412,3
3413,3
3414,3
3415,3
3416,3
3417,6
3418,3
3419,3
3420,3
3421,3
3422,3
3423,3
3424,3
3425,3
3426,3
3427,6
3428,3
3429,3
3430,3
3431,6
3432,3
3433,4
3434,3
3435,6
3436,3
3437,6
3438,4
3439,6
3440,3
3441,3
3442,3
3443,3
3444,3
3445,6
3446,3
3447,3
3448,3
3449,3
3450,3
3451,3
3452,3
3453,3
3454,3
3455,6
3456,0
3457,3
3458,0
3459,3
3460,3
3461,3
3462,3
3463,3
3464,3
3465,3
3466,3
3467,3
3468,3
3469,3
3470,3
3471,3
3472,3
3473,3
3474,3
3475,3
3476,3
3477,3
3478,0
3479,3
3480,2
3481,6
3482,3
3483,3
3484,3
3485,3
3486,5
3487,4
3488,3
3489,3
3490,3
3491,3
3492,3
3493,3
3494,3
3495,6
3496,4
3497,3
3498,4
3499,3
3500,3
3501,3
3502,3
3503,3
3504,3
3505,3
3506,3
3507,3
3508,3
3509,6
3510,3
3511,3
3512,6
3513,6
3514,3
3515,3
3516,0
3517,3
3518,6
3519,3
3520,3
3521,3
3522,3
3523,3
3524,3
3525,3
3526,3
3527,3
3528,3
3529,3
3530,5
3531,3
3532,3
3533,3
3534,3
3535,0
3536,3
3537,6
3538,5
3539,3
3540,5
3541,3
3542,3
3543,3
3544,0
3545,5
3546,3
3547,3
3548,3
3549,0
3550,3
3551,3
3552,3
3553,3
3554,2
3555,3
3556,3
3557,6
3558,3
3559,3
3560,5
3561,3
3562,3
3563,3
3564,6
3565,3
3566,3
3567,5
3568,3
3569,6
3570,3
3571,3
3572,3
3573,3
3574,3
3575,3
3576,3
3577,3
3578,3
3579,3
3580,3
3581,3
3582,3
3583,3
3584,3
3585,3
3586,3
3587,3
3588,3
3589,3
3590,3
3591,3
3592,3
3593,3
3594,4
3595,3
3596,3
3597,3
3598,3
3599,3
3600,3
3601,3
3602,3
3603,3
3604,4
3605,3
3606,3
3607,3
3608,3
3609,3
3610,3
3611,3
3612,3
3613,3
3614,3
3615,3
3616,3
3617,3
3618,3
3619,3
3620,3
3621,3
3622,3
3623,3
3624,3
3625,3
3626,3
3627,3
3628,3
3629,0
3630,3
3631,0
3632,2
3633,2
3634,3
3635,6
3636,0
3637,3
3638,3
3639,6
3640,3
3641,3
3642,2
3643,3
3644,6
3645,3
3646,6
3647,3
3648,3
3649,5
3650,0
3651,3
3652,3
3653,3
3654,3
3655,3
3656,3
3657,3
3658,3
3659,3
3660,3
3661,3
3662,0
3663,3
3664,3
3665,3
3666,6
3667,3
3668,6
3669,3
3670,3
3671,6
3672,3
3673,3
3674,3
3675,3
3676,2
3677,3
3678,4
3679,3
3680,3
3681,3
3682,3
3683,3
3684,3
3685,6
3686,3
3687,0
3688,3
3689,5
3690,3
3691,3
3692,6
3693,3
3694,6
3695,3
3696,3
3697,3
3698,3
3699,3
3700,3
3701,3
3702,3
3703,3
3704,2
3705,3
3706,3
3707,3
3708,3
3709,3
3710,3
3711,3
3712,0
3713,3
3714,3
3715,3
3716,3
3717,0
3718,3
3719,3
3720,5
3721,3
3722,3
3723,3
3724,3
3725,3
3726,3
3727,3
3728,3
3729,3
3730,3
3731,3
3732,3
3733,3
3734,3
3735,4
3736,3
3737,3
3738,3
3739,3
3740,3
3741,3
3742,6
3743,3
3744,3
3745,0
3746,2
3747,3
3748,3
3749,3
3750,0
3751,3
3752,3
3753,3
3754,5
3755,3
3756,3
3757,4
3758,3
3759,3
3760,3
3761,3
3762,3
3763,3
3764,3
3765,3
3766,3
3767,3
3768,6
3769,3
3770,3
3771,3
3772,6
3773,3
3774,3
3775,3
3776,3
3777,3
3778,3
3779,3
3780,3
3781,3
3782,3
3783,3
3784,3
3785,3
3786,6
3787,0
3788,3
3789,3
3790,3
3791,3
3792,6
3793,3
3794,3
3795,3
3796,3
3797,3
3798,3
3799,3
3800,0
3801,6
3802,3
3803,0
3804,6
3805,3
3806,3
3807,5
3808,3
3809,3
3810,6
3811,3
3812,3
3813,3
3814,3
3815,6
3816,3
3817,3
3818,4
3819,6
3820,6
3821,3
3822,3
3823,6
3824,6
3825,3
3826,3
3827,3
3828,3
3829,3
3830,3
3831,5
3832,6
3833,3
3834,3
3835,3
3836,3
3837,3
3838,4
3839,3
3840,3
3841,3
3842,3
3843,0
3844,3
3845,1
3846,3
3847,3
3848,3
3849,3
3850,3
3851,5
3852,3
3853,3
3854,3
3855,3
3856,3
3857,0
3858,6
3859,3
3860,3
3861,3
3862,3
3863,3
3864,3
3865,3
3866,3
3867,4
3868,4
3869,5
3870,4
3871,4
3872,4
3873,2
3874,0
3875,4
3876,4
3877,0
3878,4
3879,4
3880,6
3881,4
3882,2
3883,4
3884,4
3885,2
3886,6
3887,6
3888,4
3889,4
3890,4
3891,2
3892,4
3893,6
3894,1
3895,4
3896,4
3897,6
3898,0
3899,4
3900,6
3901,2
3902,5
3903,4
3904,6
3905,4
3906,4
3907,3
3908,6
3909,4
3910,0
3911,6
3912,2
3913,4
3914,0
3915,4
3916,2
3917,4
3918,4
3919,4
3920,2
3921,4
3922,4
3923,2
3924,6
3925,6
3926,6
3927,6
3928,2
3929,2
3930,3
3931,0
3932,2
3933,0
3934,0
3935,6
3936,4
3937,3
3938,0
3939,2
3940,2
3941,4
3942,4
3943,0
3944,4
3945,0
3946,4
3947,6
3948,0
3949,4
3950,6
3951,6
3952,4
3953,4
3954,4
3955,0
3956,3
3957,0
3958,4
3959,4
3960,4
3961,6
3962,4
3963,0
3964,4
3965,4
3966,6
3967,2
3968,3
3969,4
3970,4
3971,6
3972,4
3973,6
3974,4
3975,6
3976,4
3977,0
3978,2
3979,1
3980,4
3981,4
3982,2
3983,4
3984,4
3985,4
3986,4
3987,4
3988,4
3989,4
3990,4
3991,6
3992,2
3993,2
3994,2
3995,6
3996,4
3997,6
3998,6
3999,2
4000,6
4001,6
4002,0
4003,0
4004,5
4005,6
4006,3
4007,4
4008,4
4009,6
4010,0
4011,6
4012,0
4013,4
4014,0
4015,4
4016,0
4017,4
4018,6
4019,4
4020,4
4021,0
4022,6
4023,4
4024,2
4025,0
4026,4
4027,4
4028,6
4029,6
4030,6
4031,6
4032,4
4033,4
4034,4
4035,4
4036,6
4037,4
4038,5
4039,6
4040,6
4041,4
4042,4
4043,4
4044,0
4045,0
4046,6
4047,0
4048,4
4049,4
4050,4
4051,6
4052,6
4053,4
4054,4
4055,6
4056,6
4057,4
4058,4
4059,2
4060,4
4061,4
4062,4
4063,3
4064,4
4065,3
4066,6
4067,6
4068,4
4069,6
4070,6
4071,4
4072,2
4073,4
4074,0
4075,0
4076,2
4077,4
4078,4
4079,6
4080,4
4081,4
4082,4
4083,6
4084,4
4085,4
4086,4
4087,0
4088,4
4089,4
4090,4
4091,6
4092,4
4093,6
4094,6
4095,4
4096,4
4097,0
4098,4
4099,6
4100,6
4101,2
4102,6
4103,2
4104,6
4105,4
4106,4
4107,6
4108,0
4109,4
4110,0
4111,0
4112,6
4113,4
4114,2
4115,3
4116,6
4117,2
4118,4
4119,2
4120,4
4121,6
4122,4
4123,3
4124,4
4125,4
4126,6
4127,6
4128,4
4129,6
4130,2
4131,0
4132,2
4133,0
4134,4
4135,4
4136,5
4137,4
4138,4
4139,4
4140,4
4141,6
4142,4
4143,4
4144,0
4145,4
4146,4
4147,4
4148,2
4149,4
4150,3
4151,4
4152,4
4153,6
4154,6
4155,3
4156,4
4157,4
4158,6
4159,4
4160,3
4161,6
4162,0
4163,4
4164,4
4165,4
4166,4
4167,0
4168,6
4169,6
4170,0
4171,4
4172,6
4173,6
4174,3
4175,4
4176,6
4177,4
4178,6
4179,6
4180,4
4181,0
4182,4
4183,4
4184,2
4185,4
4186,4
4187,6
4188,2
4189,0
4190,2
4191,6
4192,5
4193,6
4194,5
4195,4
4196,4
4197,4
4198,5
4199,4
4200,2
4201,4
4202,6
4203,4
4204,6
4205,6
4206,6
4207,2
4208,2
4209,4
4210,2
4211,6
4212,4
4213,0
4214,4
4215,4
4216,2
4217,4
4218,6
4219,4
4220,6
4221,2
4222,4
4223,2
4224,6
4225,6
4226,4
4227,0
4228,4
4229,4
4230,0
4231,4
4232,0
4233,4
4234,6
4235,4
4236,6
4237,4
4238,6
4239,6
4240,4
4241,6
4242,4
4243,4
4244,0
4245,2
4246,4
4247,4
4248,4
4249,6
4250,3
4251,6
4252,4
4253,4
4254,2
4255,6
4256,6
4257,4
4258,2
4259,4
4260,0
4261,4
4262,4
4263,4
4264,4
4265,4
4266,4
4267,4
4268,2
4269,4
4270,2
4271,6
4272,4
4273,4
4274,0
4275,0
4276,6
4277,4
4278,4
4279,6
4280,6
4281,4
4282,0
4283,6
4284,1
4285,4
4286,2
4287,6
4288,6
4289,4
4290,4
4291,4
4292,6
4293,3
4294,4
4295,0
4296,4
4297,0
4298,6
4299,2
4300,4
4301,4
4302,4
4303,4
4304,4
4305,6
4306,4
4307,4
4308,0
4309,4
4310,4
4311,2
4312,0
4313,4
4314,6
4315,4
4316,6
4317,6
4318,6
4319,2
4320,4
4321,0
4322,4
4323,3
4324,4
4325,4
4326,4
4327,3
4328,0
4329,4
4330,4
4331,4
4332,3
4333,6
4334,6
4335,4
4336,5
4337,0
4338,6
4339,0
4340,6
4341,6
4342,5
4343,6
4344,4
4345,6
4346,4
4347,4
4348,4
4349,4
4350,4
4351,4
4352,4
4353,6
4354,0
4355,6
4356,2
4357,4
4358,4
4359,2
4360,4
4361,0
4362,3
4363,6
4364,4
4365,0
4366,0
4367,4
4368,0
4369,0
4370,6
4371,4
4372,0
4373,0
4374,4
4375,4
4376,4
4377,0
4378,4
4379,6
4380,3
4381,4
4382,6
4383,6
4384,4
4385,0
4386,2
4387,4
4388,4
4389,6
4390,6
4391,0
4392,6
4393,2
4394,6
4395,5
4396,4
4397,4
4398,6
4399,5
4400,0
4401,6
4402,6
4403,6
4404,0
4405,4
4406,4
4407,4
4408,6
4409,2
4410,0
4411,0
4412,4
4413,4
4414,4
4415,4
4416,3
4417,6
4418,6
4419,4
4420,2
4421,4
4422,0
4423,4
4424,2
4425,4
4426,4
4427,4
4428,3
4429,0
4430,3
4431,6
4432,6
4433,4
4434,3
4435,4
4436,4
4437,4
4438,4
4439,6
4440,4
4441,4
4442,6
4443,2
4444,4
4445,3
4446,6
4447,0
4448,4
4449,6
4450,6
4451,4
4452,4
4453,0
4454,4
4455,4
4456,4
4457,6
4458,0
4459,4
4460,4
4461,0
4462,2
4463,6
4464,4
4465,4
4466,2
4467,4
4468,4
4469,2
4470,0
4471,4
4472,4
4473,3
4474,4
4475,2
4476,2
4477,6
4478,2
4479,4
4480,4
4481,6
4482,2
4483,3
4484,6
4485,4
4486,4
4487,4
4488,4
4489,6
4490,2
4491,4
4492,4
4493,4
4494,0
4495,4
4496,0
4497,4
4498,4
4499,4
4500,4
4501,6
4502,4
4503,4
4504,0
4505,2
4506,3
4507,4
4508,4
4509,6
4510,4
4511,6
4512,2
4513,4
4514,0
4515,6
4516,6
4517,4
4518,2
4519,4
4520,4
4521,4
4522,4
4523,6
4524,4
4525,4
4526,0
4527,0
4528,4
4529,4
4530,0
4531,4
4532,4
4533,4
4534,4
4535,2
4536,4
4537,4
4538,6
4539,6
4540,4
4541,6
4542,4
4543,4
4544,6
4545,4
4546,4
4547,5
4548,4
4549,3
4550,0
4551,6
4552,4
4553,0
4554,5
4555,6
4556,4
4557,4
4558,2
4559,4
4560,2
4561,4
4562,2
4563,0
4564,0
4565,6
4566,6
4567,4
4568,4
4569,3
4570,4
4571,0
4572,2
4573,4
4574,6
4575,6
4576,4
4577,4
4578,4
4579,4
4580,4
4581,0
4582,4
4583,6
4584,4
4585,6
4586,6
4587,6
4588,4
4589,4
4590,6
4591,4
4592,6
4593,4
4594,2
4595,4
4596,4
4597,4
4598,4
4599,4
4600,3
4601,4
4602,3
4603,4
4604,4
4605,4
4606,0
4607,2
4608,4
4609,3
4610,3
4611,4
4612,2
4613,0
4614,2
4615,6
4616,4
4617,6
4618,6
4619,6
4620,4
4621,6
4622,4
4623,2
4624,4
4625,4
4626,3
4627,2
4628,4
4629,4
4630,6
4631,4
4632,4
4633,6
4634,4
4635,6
4636,6
4637,2
4638,4
4639,6
4640,0
4641,6
4642,6
4643,6
4644,0
4645,4
4646,3
4647,4
4648,3
4649,4
4650,6
4651,6
4652,6
4653,4
4654,4
4655,4
4656,6
4657,4
4658,4
4659,4
4660,2
4661,4
4662,6
4663,4
4664,4
4665,4
4666,4
4667,4
4668,4
4669,6
4670,4
4671,4
4672,6
4673,2
4674,4
4675,6
4676,6
4677,4
4678,0
4679,4
4680,6
4681,4
4682,0
4683,4
4684,4
4685,4
4686,4
4687,0
4688,6
4689,4
4690,4
4691,4
4692,0
4693,6
4694,4
4695,6
4696,6
4697,6
4698,5
4699,3
4700,4
4701,0
4702,4
4703,6
4704,6
4705,6
4706,2
4707,6
4708,0
4709,4
4710,6
4711,6
4712,0
4713,0
4714,0
4715,4
4716,2
4717,2
4718,4
4719,4
4720,4
4721,4
4722,4
4723,3
4724,6
4725,0
4726,4
4727,0
4728,4
4729,4
4730,6
4731,6
4732,4
4733,4
4734,4
4735,2
4736,0
4737,4
4738,5
4739,4
4740,0
4741,0
4742,4
4743,4
4744,3
4745,4
4746,6
4747,4
4748,4
4749,6
4750,4
4751,6
4752,4
4753,6
4754,4
4755,6
4756,4
4757,4
4758,6
4759,4
4760,4
4761,6
4762,4
4763,6
4764,0
4765,0
4766,6
4767,5
4768,0
4769,4
4770,6
4771,4
4772,3
4773,0
4774,2
4775,0
4776,0
4777,5
4778,6
4779,3
4780,4
4781,0
4782,6
4783,4
4784,4
4785,4
4786,4
4787,4
4788,4
4789,4
4790,3
4791,4
4792,6
4793,4
4794,4
4795,4
4796,4
4797,3
4798,4
4799,6
4800,0
4801,6
4802,4
4803,4
4804,3
4805,4
4806,4
4807,4
4808,2
4809,4
4810,4
4811,4
4812,4
4813,2
4814,4
4815,0
4816,4
4817,4
4818,4
4819,5
4820,6
4821,6
4822,6
4823,6
4824,4
4825,0
4826,6
4827,4
4828,0
4829,2
4830,6
4831,0
4832,4
4833,6
4834,4
4835,0
4836,0
4837,0
4838,3
4839,3
4840,4
4841,6
4842,4
4843,6
4844,6
4845,4
4846,4
4847,4
4848,6
4849,6
4850,2
4851,4
4852,4
4853,4
4854,4
4855,4
4856,4
4857,4
4858,6
4859,0
4860,0
4861,0
4862,6
4863,0
4864,3
4865,2
4866,4
4867,2
4868,4
4869,0
4870,4
4871,4
4872,4
4873,4
4874,0
4875,4
4876,0
4877,4
4878,2
4879,4
4880,6
4881,6
4882,4
4883,4
4884,4
4885,0
4886,6
4887,6
4888,0
4889,3
4890,6
4891,0
4892,4
4893,4
4894,0
4895,0
4896,4
4897,3
4898,0
4899,6
4900,4
4901,4
4902,6
4903,4
4904,0
4905,4
4906,4
4907,4
4908,6
4909,4
4910,0
4911,6
4912,4
4913,4
4914,4
4915,3
4916,4
4917,6
4918,4
4919,2
4920,4
4921,4
4922,6
4923,2
4924,4
4925,0
4926,6
4927,4
4928,4
4929,4
4930,3
4931,4
4932,4
4933,0
4934,4
4935,4
4936,4
4937,5
4938,4
4939,0
4940,2
4941,4
4942,4
4943,4
4944,2
4945,6
4946,4
4947,2
4948,0
4949,4
4950,4
4951,4
4952,4
4953,4
4954,4
4955,4
4956,4
4957,6
4958,6
4959,3
4960,4
4961,4
4962,4
4963,2
4964,0
4965,5
4966,6
4967,0
4968,0
4969,4
4970,6
4971,4
4972,0
4973,4
4974,4
4975,6
4976,0
4977,6
4978,4
4979,3
4980,4
4981,2
4982,0
4983,5
4984,4
4985,6
4986,4
4987,4
4988,6
4989,0
4990,6
4991,4
4992,1
4993,6
4994,4
4995,4
4996,6
4997,4
4998,4
4999,0
5000,3
5001,3
5002,0
5003,0
5004,4
5005,4
5006,4
5007,4
5008,0
5009,4
5010,3
5011,4
5012,0
5013,4
5014,6
5015,2
5016,4
5017,4
5018,4
5019,4
5020,4
5021,4
5022,2
5023,2
5024,4
5025,5
5026,0
5027,6
5028,6
5029,4
5030,6
5031,6
5032,4
5033,6
5034,6
5035,4
5036,0
5037,6
5038,4
5039,4
5040,4
5041,6
5042,4
5043,0
5044,2
5045,4
5046,4
5047,4
5048,6
5049,2
5050,0
5051,6
5052,0
5053,6
5054,4
5055,4
5056,3
5057,4
5058,0
5059,6
5060,4
5061,4
5062,6
5063,4
5064,6
5065,4
5066,4
5067,3
5068,0
5069,4
5070,6
5071,4
5072,6
5073,4
5074,6
5075,4
5076,4
5077,0
5078,6
5079,4
5080,3
5081,4
5082,4
5083,2
5084,4
5085,4
5086,4
5087,4
5088,4
5089,4
5090,4
5091,6
5092,4
5093,6
5094,0
5095,2
5096,4
5097,4
5098,4
5099,6
5100,4
5101,4
5102,4
5103,3
5104,4
5105,4
5106,0
5107,4
5108,6
5109,4
5110,4
5111,6
5112,4
5113,4
5114,5
5115,2
5116,5
5117,5
5118,3
5119,0
5120,5
5121,1
5122,5
5123,5
5124,2
5125,0
5126,5
5127,2
5128,5
5129,5
5130,5
5131,6
5132,5
5133,5
5134,5
5135,6
5136,5
5137,5
5138,5
5139,5
5140,5
5141,5
5142,5
5143,2
5144,3
5145,5
5146,5
5147,5
5148,5
5149,5
5150,6
5151,5
5152,5
5153,6
5154,5
5155,5
5156,5
5157,5
5158,3
5159,5
5160,5
5161,5
5162,5
5163,5
5164,5
5165,5
5166,5
5167,6
5168,5
5169,5
5170,5
5171,5
5172,5
5173,5
5174,5
5175,5
5176,0
5177,5
5178,5
5179,5
5180,5
5181,5
5182,5
5183,5
5184,5
5185,2
5186,2
5187,5
5188,3
5189,5
5190,5
5191,4
5192,5
5193,0
5194,5
5195,2
5196,5
5197,5
5198,6
5199,5
5200,5
5201,5
5202,5
5203,5
5204,5
5205,5
5206,5
5207,5
5208,5
5209,5
5210,5
5211,5
5212,5
5213,5
5214,3
5215,5
5216,5
5217,2
5218,5
5219,5
5220,5
5221,2
5222,6
5223,5
5224,5
5225,5
5226,2
5227,5
5228,0
5229,5
5230,5
5231,5
5232,5
5233,5
5234,5
5235,5
5236,5
5237,5
5238,6
5239,5
5240,5
5241,5
5242,5
5243,5
5244,5
5245,5
5246,5
5247,0
5248,5
5249,5
5250,5
5251,5
5252,2
5253,2
5254,5
5255,5
5256,5
5257,5
5258,6
5259,5
5260,5
5261,5
5262,5
5263,5
5264,5
5265,5
5266,5
5267,5
5268,5
5269,5
5270,5
5271,5
5272,5
5273,0
5274,5
5275,2
5276,0
5277,5
5278,5
5279,5
5280,5
5281,5
5282,5
5283,5
5284,5
5285,5
5286,5
5287,5
5288,5
5289,5
5290,5
5291,5
5292,5
5293,6
5294,0
5295,5
5296,0
5297,5
5298,2
5299,2
5300,5
5301,5
5302,3
5303,4
5304,5
5305,2
5306,5
5307,5
5308,5
5309,5
5310,5
5311,5
5312,5
5313,2
5314,5
5315,5
5316,5
5317,5
5318,5
5319,5
5320,5
5321,5
5322,5
5323,5
5324,5
5325,5
5326,5
5327,5
5328,5
5329,5
5330,5
5331,5
5332,5
5333,5
5334,5
5335,5
5336,5
5337,5
5338,2
5339,5
5340,6
5341,5
5342,5
5343,5
5344,5
5345,5
5346,5
5347,4
5348,5
5349,5
5350,5
5351,5
5352,3
5353,5
5354,3
5355,5
5356,5
5357,5
5358,5
5359,0
5360,5
5361,2
5362,4
5363,2
5364,3
5365,5
5366,5
5367,5
5368,5
5369,5
5370,2
5371,5
5372,5
5373,4
5374,5
5375,5
5376,4
5377,5
5378,5
5379,5
5380,5
5381,5
5382,5
5383,5
5384,5
5385,5
5386,0
5387,5
5388,5
5389,0
5390,5
5391,5
5392,5
5393,3
5394,5
5395,5
5396,5
5397,5
5398,5
5399,5
5400,5
5401,5
5402,5
5403,5
5404,5
5405,5
5406,5
5407,0
5408,5
5409,5
5410,5
5411,0
5412,3
5413,5
5414,2
5415,5
5416,5
5417,5
5418,5
5419,5
5420,5
5421,5
5422,5
5423,5
5424,2
5425,3
5426,5
5427,5
5428,0
5429,5
5430,5
5431,4
5432,5
5433,5
5434,5
5435,5
5436,5
5437,5
5438,5
5439,5
5440,3
5441,5
5442,5
5443,5
5444,5
5445,5
5446,5
5447,5
5448,5
5449,5
5450,5
5451,2
5452,5
5453,2
5454,5
5455,5
5456,2
5457,2
5458,5
5459,5
5460,3
5461,5
5462,5
5463,5
5464,5
5465,5
5466,5
5467,6
5468,5
5469,2
5470,5
5471,5
5472,5
5473,5
5474,5
5475,5
5476,5
5477,0
5478,5
5479,5
5480,5
5481,5
5482,5
5483,5
5484,5
5485,5
5486,5
5487,5
5488,5
5489,5
5490,2
5491,5
5492,5
5493,3
5494,5
5495,2
5496,0
5497,5
5498,5
5499,5
5500,5
5501,5
5502,3
5503,2
5504,5
5505,3
5506,5
5507,5
5508,2
5509,6
5510,5
5511,5
5512,5
5513,6
5514,5
5515,6
5516,3
5517,5
5518,5
5519,2
5520,5
5521,5
5522,5
5523,5
5524,5
5525,5
5526,2
5527,5
5528,5
5529,5
5530,5
5531,4
5532,2
5533,5
5534,3
5535,5
5536,5
5537,5
5538,5
5539,5
5540,5
5541,5
5542,5
5543,3
5544,5
5545,5
5546,5
5547,5
5548,5
5549,5
5550,5
5551,5
5552,5
5553,3
5554,1
5555,5
5556,2
5557,4
5558,5
5559,5
5560,5
5561,5
5562,5
5563,5
5564,2
5565,5
5566,5
5567,5
5568,5
5569,5
5570,5
5571,5
5572,5
5573,5
5574,3
5575,5
5576,5
5577,5
5578,5
5579,5
5580,5
5581,5
5582,5
5583,5
5584,5
5585,4
5586,5
5587,5
5588,5
5589,5
5590,0
5591,5
5592,5
5593,5
5594,4
5595,4
5596,5
5597,5
5598,5
5599,5
5600,5
5601,5
5602,5
5603,0
5604,5
5605,5
5606,5
5607,2
5608,6
5609,5
5610,5
5611,5
5612,5
5613,5
5614,0
5615,5
5616,3
5617,5
5618,5
5619,5
5620,5
5621,5
5622,4
5623,5
5624,5
5625,5
5626,2
5627,4
5628,2
5629,5
5630,5
5631,5
5632,5
5633,5
5634,5
5635,5
5636,3
5637,5
5638,5
5639,5
5640,2
5641,5
5642,5
5643,5
5644,5
5645,5
5646,5
5647,2
5648,5
5649,0
5650,0
5651,5
5652,5
5653,2
5654,5
5655,5
5656,5
5657,5
5658,5
5659,5
5660,5
5661,5
5662,5
5663,2
5664,5
5665,5
5666,5
5667,2
5668,5
5669,5
5670,5
5671,5
5672,5
5673,5
5674,5
5675,3
5676,2
5677,5
5678,2
5679,5
5680,6
5681,2
5682,5
5683,6
5684,5
5685,5
5686,5
5687,5
5688,5
5689,2
5690,5
5691,5
5692,5
5693,2
5694,2
5695,2
5696,5
5697,5
5698,0
5699,2
5700,5
5701,5
5702,0
5703,2
5704,5
5705,5
5706,5
5707,5
5708,3
5709,5
5710,5
5711,2
5712,5
5713,5
5714,5
5715,5
5716,5
5717,4
5718,4
5719,5
5720,5
5721,5
5722,5
5723,5
5724,2
5725,5
5726,5
5727,5
5728,5
5729,5
5730,5
5731,5
5732,5
5733,5
5734,5
5735,5
5736,5
5737,5
5738,5
5739,5
5740,3
5741,5
5742,5
5743,5
5744,6
5745,5
5746,5
5747,5
5748,5
5749,5
5750,5
5751,5
5752,5
5753,0
5754,5
5755,5
5756,5
5757,5
5758,2
5759,5
5760,5
5761,5
5762,5
5763,5
5764,5
5765,2
5766,5
5767,5
5768,5
5769,2
5770,0
5771,4
5772,5
5773,5
5774,5
5775,2
5776,2
5777,5
5778,5
5779,6
5780,5
5781,5
5782,2
5783,5
5784,5
5785,5
5786,6
5787,5
5788,5
5789,0
5790,5
5791,5
5792,5
5793,5
5794,5
5795,0
5796,5
5797,5
5798,3
5799,5
5800,5
5801,6
5802,5
5803,5
5804,6
5805,5
5806,5
5807,6
5808,5
5809,5
5810,5
5811,5
5812,5
5813,5
5814,5
5815,5
5816,5
5817,5
5818,5
5819,5
5820,0
5821,5
5822,5
5823,5
5824,5
5825,5
5826,3
5827,5
5828,5
5829,6
5830,5
5831,5
5832,5
5833,5
5834,5
5835,5
5836,2
5837,5
5838,5
5839,2
5840,5
5841,5
5842,5
5843,6
5844,2
5845,5
5846,5
5847,5
5848,3
5849,5
5850,5
5851,5
5852,5
5853,5
5854,5
5855,5
5856,5
5857,5
5858,5
5859,5
5860,5
5861,5
5862,5
5863,3
5864,5
5865,5
5866,5
5867,5
5868,5
5869,5
5870,5
5871,5
5872,3
5873,5
5874,5
5875,5
5876,5
5877,5
5878,2
5879,0
5880,2
5881,5
5882,2
5883,5
5884,3
5885,5
5886,5
5887,5
5888,4
5889,5
5890,5
5891,5
5892,5
5893,5
5894,5
5895,5
5896,5
5897,5
5898,5
5899,5
5900,5
5901,2
5902,5
5903,5
5904,2
5905,0
5906,2
5907,5
5908,5
5909,5
5910,5
5911,5
5912,5
5913,5
5914,5
5915,5
5916,3
5917,5
5918,5
5919,0
5920,5
5921,5
5922,5
5923,2
5924,5
5925,5
5926,5
5927,5
5928,5
5929,5
5930,5
5931,0
5932,5
5933,5
5934,5
5935,5
5936,5
5937,5
5938,5
5939,5
5940,5
5941,5
5942,5
5943,5
5944,5
5945,6
5946,6
5947,6
5948,0
5949,6
5950,4
5951,6
5952,6
5953,6
5954,6
5955,6
5956,6
5957,4
5958,6
5959,6
5960,6
5961,6
5962,6
5963,6
5964,6
5965,6
5966,6
5967,6
5968,6
5969,0
5970,6
5971,6
5972,6
5973,6
5974,6
5975,4
5976,6
5977,6
5978,3
5979,6
5980,6
5981,4
5982,6
5983,6
5984,6
5985,6
5986,6
5987,6
5988,2
5989,6
5990,6
5991,6
5992,3
5993,6
5994,6
5995,6
5996,6
5997,6
5998,6
5999,6
6000,4
6001,3
6002,6
6003,6
6004,5
6005,6
6006,2
6007,6
6008,6
6009,0
6010,6
6011,6
6012,6
6013,6
6014,6
6015,6
6016,4
6017,6
6018,6
6019,4
6020,6
6021,3
6022,6
6023,6
6024,6
6025,6
6026,6
6027,6
6028,6
6029,6
6030,6
6031,6
6032,6
6033,6
6034,6
6035,5
6036,6
6037,6
6038,6
6039,6
6040,6
6041,6
6042,6
6043,6
6044,6
6045,6
6046,6
6047,4
6048,6
6049,6
6050,4
6051,6
6052,4
6053,0
6054,4
6055,6
6056,6
6057,5
6058,6
6059,6
6060,6
6061,6
6062,6
6063,4
6064,6
6065,6
6066,6
6067,6
6068,6
6069,6
6070,6
6071,6
6072,6
6073,6
6074,6
6075,4
6076,6
6077,0
6078,6
6079,6
6080,6
6081,6
6082,6
6083,6
6084,0
6085,4
6086,6
6087,6
6088,2
6089,0
6090,6
6091,6
6092,4
6093,4
6094,6
6095,6
6096,6
6097,6
6098,6
6099,2
6100,6
6101,6
6102,6
6103,3
6104,6
6105,6
6106,6
6107,6
6108,2
6109,6
6110,6
6111,3
6112,6
6113,6
6114,6
6115,6
6116,3
6117,6
6118,6
6119,6
6120,2
6121,5
6122,6
6123,3
6124,2
6125,3
6126,6
6127,4
6128,6
6129,6
6130,6
6131,6
6132,6
6133,2
6134,6
6135,2
6136,4
6137,6
6138,4
6139,6
6140,6
6141,6
6142,6
6143,0
6144,0
6145,6
6146,4
6147,6
6148,6
6149,6
6150,4
6151,6
6152,6
6153,4
6154,6
6155,6
6156,2
6157,6
6158,6
6159,4
6160,6
6161,6
6162,6
6163,6
6164,6
6165,6
6166,6
6167,6
6168,4
6169,6
6170,6
6171,4
6172,6
6173,6
6174,6
6175,6
6176,6
6177,3
6178,6
6179,6
6180,2
6181,6
6182,6
6183,6
6184,4
6185,6
6186,6
6187,3
6188,6
6189,6
6190,4
6191,0
6192,6
6193,6
6194,6
6195,0
6196,6
6197,6
6198,6
6199,6
6200,5
6201,6
6202,6
6203,6
6204,6
6205,6
6206,2
6207,2
6208,3
6209,6
6210,6
6211,6
6212,6
6213,6
6214,6
6215,6
6216,0
6217,6
6218,6
6219,4
6220,6
6221,4
6222,6
6223,6
6224,6
6225,5
6226,6
6227,6
6228,6
6229,6
6230,6
6231,2
6232,6
6233,6
6234,6
6235,0
6236,6
6237,5
6238,6
6239,6
6240,6
6241,2
6242,3
6243,6
6244,6
6245,6
6246,4
6247,6
6248,6
6249,4
6250,4
6251,6
6252,6
6253,6
6254,6
6255,4
6256,6
6257,3
6258,6
6259,6
6260,6
6261,6
6262,6
6263,3
6264,6
6265,6
6266,6
6267,6
6268,6
6269,0
6270,3
6271,6
6272,0
6273,6
6274,6
6275,6
6276,6
6277,6
6278,6
6279,6
6280,6
6281,4
6282,4
6283,4
6284,6
6285,6
6286,0
6287,6
6288,4
6289,6
6290,6
6291,6
6292,6
6293,6
6294,6
6295,4
6296,6
6297,6
6298,6
6299,4
6300,6
6301,6
6302,5
6303,0
6304,4
6305,6
6306,6
6307,6
6308,6
6309,6
6310,4
6311,6
6312,6
6313,6
6314,6
6315,6
6316,5
6317,6
6318,6
6319,2
6320,6
6321,4
6322,6
6323,0
6324,6
6325,6
6326,6
6327,6
6328,6
6329,6
6330,6
6331,3
6332,3
6333,6
6334,4
6335,6
6336,3
6337,3
6338,6
6339,6
6340,6
6341,6
6342,6
6343,6
6344,6
6345,6
6346,6
6347,6
6348,4
6349,6
6350,6
6351,6
6352,4
6353,4
6354,6
6355,6
6356,6
6357,6
6358,3
6359,6
6360,0
6361,6
6362,6
6363,6
6364,6
6365,4
6366,6
6367,4
6368,6
6369,4
6370,6
6371,6
6372,6
6373,4
6374,2
6375,6
6376,6
6377,6
6378,5
6379,6
6380,2
6381,0
6382,3
6383,6
6384,6
6385,5
6386,6
6387,6
6388,6
6389,4
6390,6
6391,6
6392,6
6393,0
6394,6
6395,6
6396,2
6397,4
6398,6
6399,6
6400,4
6401,4
6402,6
6403,6
6404,4
6405,6
6406,6
6407,6
6408,2
6409,6
6410,4
6411,6
6412,6
6413,6
6414,6
6415,6
6416,6
6417,6
6418,6
6419,6
6420,6
6421,3
6422,6
6423,0
6424,6
6425,4
6426,0
6427,3
6428,6
6429,6
6430,6
6431,6
6432,6
6433,4
6434,6
6435,6
6436,6
6437,4
6438,3
6439,6
6440,4
6441,2
6442,6
6443,6
6444,6
6445,6
6446,6
6447,6
6448,6
6449,4
6450,6
6451,6
6452,3
6453,6
6454,5
6455,0
6456,4
6457,6
6458,4
6459,6
6460,6
6461,6
6462,6
6463,6
6464,3
6465,6
6466,3
6467,6
6468,6
6469,6
6470,6
6471,6
6472,4
6473,6
6474,6
6475,6
6476,6
6477,2
6478,6
6479,6
6480,3
6481,6
6482,6
6483,6
6484,6
6485,6
6486,6
6487,6
6488,0
6489,6
6490,6
6491,6
6492,6
6493,6
6494,6
6495,6
6496,6
6497,6
6498,6
6499,4
6500,6
6501,4
6502,6
6503,2
6504,6
6505,3
6506,6
6507,6
6508,4
6509,2
6510,6
6511,4
6512,6
6513,0
6514,6
6515,6
6516,6
6517,6
6518,4
6519,6
6520,6
6521,6
6522,5
6523,0
6524,6
6525,3
6526,6
6527,6
6528,6
6529,6
6530,6
6531,6
6532,6
6533,6
6534,4
6535,4
6536,6
6537,6
6538,6
6539,6
6540,2
6541,6
6542,6
6543,6
6544,6
6545,6
6546,6
6547,6
6548,6
6549,6
6550,6
6551,0
6552,3
6553,6
6554,4
6555,4
6556,5
6557,4
6558,6
6559,3
6560,4
6561,6
6562,6
6563,6
6564,4
6565,6
6566,6
6567,6
6568,2
6569,6
6570,6
6571,4
6572,6
6573,6
6574,0
6575,6
6576,6
6577,3
6578,6
6579,6
6580,6
6581,2
6582,3
6583,6
6584,4
6585,6
6586,6
6587,6
6588,6
6589,3
6590,4
6591,0
6592,5
6593,6
6594,6
6595,4
6596,0
6597,5
6598,6
6599,6
6600,3
6601,6
6602,6
6603,4
6604,6
6605,5
6606,0
6607,0
6608,6
6609,4
6610,4
6611,6
6612,6
6613,6
6614,2
6615,0
6616,6
6617,6
6618,4
6619,4
6620,6
6621,6
6622,6
6623,6
6624,6
6625,6
6626,2
6627,6
6628,6
6629,6
6630,4
6631,6
6632,4
6633,2
6634,6
6635,3
6636,4
6637,6
6638,6
6639,6
6640,4
6641,2
6642,6
6643,4
6644,6
6645,6
6646,4
6647,4
6648,3
6649,6
6650,4
6651,4
6652,2
6653,4
6654,6
6655,4
6656,6
6657,0
6658,3
6659,0
6660,6
6661,6
6662,6
6663,2
6664,6
6665,6
6666,6
6667,4
6668,2
6669,6
6670,6
6671,6
6672,0
6673,6
6674,0
6675,6
6676,3
6677,4
6678,6
6679,6
6680,0
6681,6
6682,4
6683,2
6684,6
6685,6
6686,0
6687,6
6688,2
6689,6
6690,6
6691,6
6692,6
6693,6
6694,3
6695,6
6696,6
6697,0
6698,6
6699,6
6700,4
6701,0
6702,6
6703,6
6704,6
6705,6
6706,0
6707,6
6708,0
6709,6
6710,6
6711,6
6712,6
6713,6
6714,6
6715,6
6716,6
6717,6
6718,6
6719,6
6720,6
6721,6
6722,6
6723,4
6724,6
6725,2
6726,6
6727,6
6728,2
6729,6
6730,6
6731,6
6732,6
6733,0
6734,4
6735,4
6736,4
6737,3
6738,4
6739,4
6740,3
6741,3
6742,0
6743,4
6744,3
6745,6
6746,6
6747,6
6748,6
6749,6
6750,6
6751,6
6752,4
6753,6
6754,6
6755,6
6756,4
6757,6
6758,6
6759,3
6760,6
6761,6
6762,0
6763,0
6764,4
6765,4
6766,4
6767,6
6768,4
6769,6
6770,6
6771,6
6772,4
6773,5
6774,0
6775,2
6776,3
6777,6
6778,6
6779,6
6780,6
6781,6
6782,6
6783,0
6784,6
6785,6
6786,3
6787,6
6788,0
6789,6
6790,6
6791,6
6792,6
6793,6
6794,2
6795,6
6796,6
6797,2
6798,6
6799,6
6800,0
6801,4
6802,6
6803,6
6804,6
6805,6
6806,4
6807,6
6808,6
6809,6
6810,3
6811,6
6812,6
6813,6
6814,6
6815,0
6816,0
6817,6
6818,6
6819,4
6820,6
6821,6
6822,6
6823,6
6824,4
6825,4
6826,6
6827,6
6828,3
6829,6
6830,6
6831,0
6832,0
6833,2
6834,6
6835,6
6836,6
6837,6
6838,4
6839,3
6840,6
6841,6
6842,4
6843,6
6844,6
6845,6
6846,6
6847,6
6848,6
6849,6
6850,4
6851,6
6852,6
6853,6
6854,6
6855,3
6856,6
6857,0
6858,0
6859,6
6860,3
6861,4
6862,6
6863,4
6864,6
6865,6
6866,6
6867,6
6868,6
6869,6
6870,5
6871,4
6872,6
6873,6
6874,6
6875,6
6876,6
6877,4
6878,4
6879,6
6880,3
6881,4
6882,6
6883,4
6884,6
6885,6
6886,6
6887,6
6888,6
6889,6
6890,6
6891,4
6892,4
6893,6
6894,6
6895,6
6896,4
6897,3
6898,6
6899,4
6900,6
6901,6
6902,3
6903,6
6904,0
6905,6
6906,6
6907,6
6908,6
6909,3
6910,5
6911,6
6912,2
6913,6
6914,6
6915,0
6916,5
6917,6
6918,3
6919,4
6920,6
6921,0
6922,6
6923,6
6924,6
6925,6
6926,6
6927,6
6928,5
6929,6
6930,6
6931,4
6932,6
6933,6
6934,6
6935,5
6936,6
6937,6
6938,2
6939,2
6940,4
6941,0
6942,4
6943,6
6944,4
6945,6
6946,6
6947,3
6948,4
6949,6
6950,6
6951,6
6952,3
6953,2
6954,6
6955,6
6956,6
6957,6
6958,6
6959,6
6960,6
6961,0
6962,6
6963,0
6964,6
6965,6
6966,6
6967,0
6968,6
6969,6
6970,3
6971,4
6972,6
6973,3
6974,6
6975,2
6976,6
6977,6
6978,6
6979,6
6980,6
6981,3
6982,6
6983,3
6984,4
6985,6
6986,0
6987,6
6988,6
6989,6
6990,6
6991,6
6992,4
6993,6
6994,4
6995,2
6996,6
6997,6
6998,6
6999,6
7000,3
7001,6
7002,6
7003,6
7004,6
7005,6
7006,4
7007,0
7008,6
7009,6
7010,6
7011,6
7012,6
7013,4
7014,3
7015,4
7016,6
7017,6
7018,6
7019,6
7020,6
7021,2
7022,6
7023,2
7024,4
7025,6
7026,3
7027,6
7028,4
7029,6
7030,0
7031,6
7032,0
7033,6
7034,5
7035,6
7036,6
7037,4
7038,6
7039,6
7040,6
7041,6
7042,5
7043,6
7044,5
7045,6
7046,6
7047,6
7048,6
7049,6
7050,6
7051,6
7052,6
7053,4
7054,6
7055,4
7056,6
7057,6
7058,6
7059,6
7060,2
7061,0
7062,3
7063,6
7064,2
7065,6
7066,6
7067,6
7068,6
7069,6
7070,6
7071,4
7072,6
7073,4
7074,2
7075,0
7076,6
7077,6
7078,0
7079,6
7080,6
7081,4
7082,6
7083,0
7084,6
7085,6
7086,6
7087,6
7088,3
7089,6
7090,5
7091,4
7092,6
7093,6
7094,6
7095,6
7096,2
7097,6
7098,6
7099,6
7100,6
7101,6
7102,6
7103,4
7104,6
7105,0
7106,6
7107,6
7108,6
7109,6
7110,6
7111,6
7112,6
7113,2
7114,4
7115,4
7116,5
7117,6
7118,4
7119,6
7120,6
7121,6
7122,6
7123,3
7124,6
7125,3
7126,6
7127,6
7128,6
7129,4
7130,3
7131,2
7132,6
7133,6
7134,6
7135,0
7136,0
7137,6
7138,6
7139,6
7140,6
7141,6
7142,4
7143,6
7144,4
7145,6
7146,6
7147,6
7148,4
7149,4
7150,6
7151,6
7152,0
7153,6
7154,2
7155,6
7156,6
7157,4
7158,6
7159,6
7160,0
7161,6
7162,6
7163,4
7164,0
7165,6
7166,4
7167,6
7168,6
7169,5
7170,6
7171,0
7172,6
7173,6
7174,6
7175,6
7176,6
7177,6ID,Category
ID,Category
ID,Category
ID,Category
ID,Category
ID,Category
